person_id,risk_score,risk_flight,risk_exam,risk_shoot,risk_disc_safety,risk_training,department,rank,specialization
AO07216,83.9,0.9298245614035088,0.6631578947368422,0.9636752136752137,0.820952380952381,0.7047619047619048,Alpha,Lieutenant Colonel,Department Commander
AO12605,58.2,0.8070175438596492,0.28771929824561404,0.5,0.820952380952381,0.3904761904761905,Alpha,Major,Chief of Operations
AO17018,60.3,0.9649122807017544,0.9,0.12179487179487179,0.35619047619047617,0.7047619047619048,Alpha,Captain,Pilot-Operator Lead
G22139,55.4,0.5,0.5,0.5,0.820952380952381,0.2895238095238095,Alpha,Warrant Officer,Technical Service Lead
AO16543,48.1,0.5,0.5,0.5,0.35619047619047617,0.7047619047619048,Alpha,Captain,Training & Standardization Lead
AO22963,25.7,0.09122807017543855,0.3315789473684211,0.25213675213675213,0.35619047619047617,0.3476190476190476,Alpha,Senior Lieutenant,Operations Officer
AO19391,33.7,0.27368421052631575,0.0491228070175439,0.6816239316239316,0.35619047619047617,0.2895238095238095,Alpha,Captain,Operations Officer
AO18976,31.2,0.11929824561403513,0.32280701754385965,0.12179487179487179,0.820952380952381,0.14476190476190476,Alpha,Captain,Operations Officer
AO13357,58.6,0.6245614035087719,0.3912280701754386,0.9850427350427351,0.35619047619047617,0.2895238095238095,Alpha,Major,Operations Officer
AO23290,47.1,0.06666666666666665,0.8701754385964913,0.6047008547008547,0.35619047619047617,0.2895238095238095,Alpha,Lieutenant,Operations Officer
AO16547,69.1,0.2315789473684211,0.8456140350877193,1.0,0.820952380952381,0.14476190476190476,Alpha,Captain,Operations Officer
AO13497,51.3,0.39649122807017545,0.6473684210526316,0.5833333333333334,0.35619047619047617,0.7047619047619048,Alpha,Major,Operations Officer
AO17259,48.3,0.31228070175438594,0.5894736842105264,0.6047008547008547,0.35619047619047617,0.7047619047619048,Alpha,Captain,Operations Officer
AO21304,43.3,0.4385964912280702,0.4614035087719298,0.5192307692307693,0.35619047619047617,0.14476190476190476,Alpha,Senior Lieutenant,Operations Officer
AO24033,41.3,0.1333333333333333,0.6578947368421053,0.5448717948717948,0.35619047619047617,0.14476190476190476,Alpha,Lieutenant,Operations Officer
AO25712,24.8,0.07017543859649122,0.13157894736842102,0.46153846153846156,0.35619047619047617,0.22380952380952382,Alpha,Lieutenant,Operations Officer
AO21586,37.7,0.1824561403508772,0.05964912280701751,0.9358974358974359,0.35619047619047617,0.22380952380952382,Alpha,Senior Lieutenant,Operations Officer
AO24023,52.0,0.3789473684210526,0.8701754385964913,0.5,0.35619047619047617,0.22380952380952382,Alpha,Lieutenant,Operations Officer
AO21458,37.9,0.11228070175438598,0.18070175438596492,0.8931623931623932,0.35619047619047617,0.22380952380952382,Alpha,Senior Lieutenant,Operations Officer
AO18524,45.3,0.5,0.5,0.5,0.35619047619047617,0.14476190476190476,Alpha,Captain,Flight Control Officer
AO12328,46.4,0.5,0.5,0.5,0.35619047619047617,0.3476190476190476,Alpha,Major,Flight Control Officer
AO16636,54.6,0.5,0.5,0.5,0.820952380952381,0.14476190476190476,Alpha,Captain,Flight Control Officer
AO25389,57.4,0.5,0.5,0.5,0.820952380952381,0.7047619047619048,Alpha,Lieutenant,Training & Standardization Officer
AO25228,56.8,0.5,0.5,0.5,0.9523809523809523,0.049523809523809526,Alpha,Lieutenant,Training & Standardization Officer
AO18688,44.9,0.5,0.5,0.5,0.35619047619047617,0.049523809523809526,Alpha,Captain,Training & Standardization Officer
AO20164,63.3,0.43508771929824563,0.8421052631578947,0.5683760683760684,0.820952380952381,0.14476190476190476,Alpha,Senior Lieutenant,Pilot-Operator
AO25328,32.7,0.37192982456140355,0.5210526315789474,0.12179487179487179,0.35619047619047617,0.049523809523809526,Alpha,Lieutenant,Pilot-Operator
AO24416,36.7,0.1473684210526316,0.7719298245614035,0.12179487179487179,0.35619047619047617,0.7047619047619048,Alpha,Lieutenant,Pilot-Operator
AO22646,64.7,0.8947368421052632,0.3315789473684211,0.5,0.981904761904762,0.3904761904761905,Alpha,Senior Lieutenant,Pilot-Operator
AO22701,40.7,0.7052631578947368,0.20526315789473681,0.3888888888888889,0.35619047619047617,0.22380952380952382,Alpha,Senior Lieutenant,Pilot-Operator
AO24250,47.4,0.6631578947368422,0.6859649122807018,0.12179487179487179,0.35619047619047617,0.7047619047619048,Alpha,Lieutenant,Pilot-Operator
AO22585,29.7,0.01403508771929829,0.21754385964912282,0.2905982905982906,0.820952380952381,0.049523809523809526,Alpha,Senior Lieutenant,Pilot-Operator
AO12461,62.1,0.7087719298245614,0.968421052631579,0.12179487179487179,0.820952380952381,0.14476190476190476,Alpha,Major,Pilot-Operator
AO19336,59.6,0.9052631578947369,0.4385964912280702,0.24358974358974358,0.820952380952381,0.7047619047619048,Alpha,Captain,Pilot-Operator
AO17172,47.4,0.7263157894736842,0.7526315789473684,0.12179487179487179,0.35619047619047617,0.049523809523809526,Alpha,Captain,Pilot-Operator
AO22921,53.4,0.09473684210526312,0.7807017543859649,0.4188034188034188,0.9523809523809523,0.3904761904761905,Alpha,Senior Lieutenant,Pilot-Operator
AO20473,54.8,0.9789473684210527,0.7596491228070176,0.12179487179487179,0.35619047619047617,0.22380952380952382,Alpha,Senior Lieutenant,Pilot-Operator
AO24361,54.9,0.4421052631578948,0.45438596491228067,0.5,0.820952380952381,0.7047619047619048,Alpha,Lieutenant,Pilot-Operator
AO11628,69.0,0.9894736842105263,0.9964912280701754,0.34615384615384615,0.35619047619047617,0.7047619047619048,Alpha,Major,Pilot-Operator
AO21607,37.7,0.4736842105263158,0.3192982456140351,0.4188034188034188,0.35619047619047617,0.049523809523809526,Alpha,Senior Lieutenant,Pilot-Operator
AO17445,40.9,0.5298245614035088,0.18771929824561406,0.12179487179487179,0.820952380952381,0.7047619047619048,Alpha,Captain,Pilot-Operator
AO22937,46.0,0.8666666666666667,0.21754385964912282,0.46153846153846156,0.35619047619047617,0.049523809523809526,Alpha,Senior Lieutenant,Pilot-Operator
AO23491,46.3,0.15438596491228074,0.531578947368421,0.5,0.820952380952381,0.049523809523809526,Alpha,Lieutenant,Pilot-Operator
AO18742,36.4,0.6280701754385964,0.41052631578947374,0.12179487179487179,0.35619047619047617,0.049523809523809526,Alpha,Captain,Pilot-Operator
AO15635,77.6,0.28771929824561404,0.9578947368421052,0.9209401709401709,0.9942857142857143,0.7047619047619048,Alpha,Captain,Pilot-Operator
G23402,46.3,0.7228070175438597,0.21052631578947367,0.12179487179487179,0.820952380952381,0.7047619047619048,Alpha,Warrant Officer,UAV Operator
G19017,50.2,0.7157894736842105,0.3666666666666667,0.5,0.35619047619047617,0.7047619047619048,Alpha,Senior Warrant Officer,UAV Operator
G22746,49.4,0.3649122807017544,0.5807017543859649,0.6047008547008547,0.35619047619047617,0.7047619047619048,Alpha,Warrant Officer,UAV Operator
G23357,52.9,0.42105263157894735,0.2824561403508772,0.9850427350427351,0.35619047619047617,0.7047619047619048,Alpha,Warrant Officer,UAV Operator
G18673,62.6,0.5157894736842106,0.43157894736842106,0.7606837606837606,0.820952380952381,0.7047619047619048,Alpha,Senior Warrant Officer,UAV Operator
G11740,42.2,0.8245614035087719,0.04561403508771933,0.46153846153846156,0.35619047619047617,0.3476190476190476,Alpha,Senior Warrant Officer,UAV Operator
G23944,58.5,0.5859649122807018,0.5859649122807018,0.5,0.820952380952381,0.049523809523809526,Alpha,Warrant Officer,UAV Operator
G22677,54.6,0.41052631578947374,0.45438596491228067,0.8931623931623932,0.35619047619047617,0.7047619047619048,Alpha,Warrant Officer,UAV Operator
G25596,72.7,0.5333333333333333,0.8771929824561404,0.8290598290598291,0.820952380952381,0.049523809523809526,Alpha,Junior Warrant Officer,UAV Operator
G23288,61.8,0.4491228070175438,0.4140350877192982,0.6816239316239316,0.981904761904762,0.7047619047619048,Alpha,Junior Warrant Officer,UAV Operator
G25878,51.9,0.18947368421052635,0.9157894736842105,0.5448717948717948,0.35619047619047617,0.7047619047619048,Alpha,Junior Warrant Officer,UAV Operator
G25956,60.1,0.1701754385964912,0.543859649122807,0.8931623931623932,0.820952380952381,0.7047619047619048,Alpha,Junior Warrant Officer,UAV Operator
G22091,55.7,0.8105263157894737,0.256140350877193,0.36538461538461536,0.820952380952381,0.7047619047619048,Alpha,Warrant Officer,UAV Operator
G18716,66.1,0.656140350877193,0.8508771929824561,0.7094017094017094,0.35619047619047617,0.7047619047619048,Alpha,Senior Warrant Officer,UAV Operator
G22153,54.9,0.4982456140350877,0.25263157894736843,0.6474358974358975,0.820952380952381,0.7047619047619048,Alpha,Warrant Officer,UAV Operator
G11488,55.0,0.6105263157894737,0.8947368421052632,0.2692307692307692,0.35619047619047617,0.7047619047619048,Alpha,Senior Warrant Officer,UAV Operator
G24197,36.0,0.3403508771929824,0.18070175438596492,0.12179487179487179,0.820952380952381,0.7047619047619048,Alpha,Junior Warrant Officer,UAV Operator
G17139,58.2,0.9543859649122807,0.8263157894736842,0.12179487179487179,0.35619047619047617,0.7047619047619048,Alpha,Senior Warrant Officer,UAV Operator
G22314,51.0,0.5964912280701755,0.375438596491228,0.2692307692307692,0.820952380952381,0.7047619047619048,Alpha,Warrant Officer,UAV Operator
G23423,51.2,0.3192982456140351,0.5403508771929825,0.7606837606837606,0.35619047619047617,0.7047619047619048,Alpha,Junior Warrant Officer,UAV Operator
G13885,57.4,0.5,0.5,0.5,0.820952380952381,0.7047619047619048,Alpha,Senior Warrant Officer,Technical Staff
G08643,57.4,0.5,0.5,0.5,0.820952380952381,0.7047619047619048,Alpha,Senior Warrant Officer,Technical Staff
G08693,57.4,0.5,0.5,0.5,0.820952380952381,0.7047619047619048,Alpha,Senior Warrant Officer,Technical Staff
G23673,48.1,0.5,0.5,0.5,0.35619047619047617,0.7047619047619048,Alpha,Warrant Officer,Technical Staff
G24293,57.4,0.5,0.5,0.5,0.820952380952381,0.7047619047619048,Alpha,Junior Warrant Officer,Technical Staff
G23445,48.1,0.5,0.5,0.5,0.35619047619047617,0.7047619047619048,Alpha,Junior Warrant Officer,Technical Staff
G21944,48.1,0.5,0.5,0.5,0.35619047619047617,0.7047619047619048,Alpha,Warrant Officer,Technical Staff
G22075,57.4,0.5,0.5,0.5,0.820952380952381,0.7047619047619048,Alpha,Warrant Officer,Technical Staff
G23253,55.9,0.5,0.5,0.5,0.820952380952381,0.3904761904761905,Alpha,Junior Warrant Officer,Technical Staff
G22963,48.1,0.5,0.5,0.5,0.35619047619047617,0.7047619047619048,Alpha,Warrant Officer,Technical Staff
G22206,45.7,0.5,0.5,0.5,0.35619047619047617,0.22380952380952382,Alpha,Warrant Officer,Technical Staff
G23305,45.7,0.5,0.5,0.5,0.35619047619047617,0.22380952380952382,Alpha,Junior Warrant Officer,Technical Staff
G24645,46.1,0.5,0.5,0.5,0.35619047619047617,0.2895238095238095,Alpha,Junior Warrant Officer,Technical Staff
G25276,57.4,0.5,0.5,0.5,0.820952380952381,0.7047619047619048,Alpha,Junior Warrant Officer,Technical Staff
G24726,48.1,0.5,0.5,0.5,0.35619047619047617,0.7047619047619048,Alpha,Junior Warrant Officer,Technical Staff
G22585,48.1,0.5,0.5,0.5,0.35619047619047617,0.7047619047619048,Alpha,Warrant Officer,Technical Staff
G18574,48.1,0.5,0.5,0.5,0.35619047619047617,0.7047619047619048,Alpha,Senior Warrant Officer,Technical Staff
G24803,48.1,0.5,0.5,0.5,0.35619047619047617,0.7047619047619048,Alpha,Junior Warrant Officer,Technical Staff
G24422,48.1,0.5,0.5,0.5,0.35619047619047617,0.7047619047619048,Alpha,Junior Warrant Officer,Technical Staff
G24379,45.7,0.5,0.5,0.5,0.35619047619047617,0.22380952380952382,Alpha,Junior Warrant Officer,Technical Staff
G20209,48.1,0.5,0.5,0.5,0.35619047619047617,0.7047619047619048,Alpha,Senior Warrant Officer,Technical Service
G23995,60.1,0.5,0.5,0.5,0.9523809523809523,0.7047619047619048,Alpha,Junior Warrant Officer,Technical Service
G15195,46.6,0.5,0.5,0.5,0.35619047619047617,0.3904761904761905,Alpha,Senior Warrant Officer,Technical Service
G10686,48.1,0.5,0.5,0.5,0.35619047619047617,0.7047619047619048,Alpha,Senior Warrant Officer,Technical Service
G11957,48.1,0.5,0.5,0.5,0.35619047619047617,0.7047619047619048,Alpha,Senior Warrant Officer,Technical Service
G17797,57.4,0.5,0.5,0.5,0.820952380952381,0.7047619047619048,Alpha,Senior Warrant Officer,Technical Service
G19538,45.7,0.5,0.5,0.5,0.35619047619047617,0.22380952380952382,Alpha,Senior Warrant Officer,Technical Service
G24344,48.1,0.5,0.5,0.5,0.35619047619047617,0.7047619047619048,Alpha,Junior Warrant Officer,Technical Service
G22249,48.1,0.5,0.5,0.5,0.35619047619047617,0.7047619047619048,Alpha,Warrant Officer,Technical Service
G22769,57.4,0.5,0.5,0.5,0.820952380952381,0.7047619047619048,Alpha,Warrant Officer,Technical Service
G08859,48.1,0.5,0.5,0.5,0.35619047619047617,0.7047619047619048,Alpha,Senior Warrant Officer,Technical Service
G22733,46.6,0.5,0.5,0.5,0.35619047619047617,0.3904761904761905,Alpha,Warrant Officer,Technical Service
G11223,48.1,0.5,0.5,0.5,0.35619047619047617,0.7047619047619048,Alpha,Senior Warrant Officer,Repair Specialist
G13364,48.1,0.5,0.5,0.5,0.35619047619047617,0.7047619047619048,Alpha,Senior Warrant Officer,Repair Specialist
G25102,48.1,0.5,0.5,0.5,0.35619047619047617,0.7047619047619048,Alpha,Junior Warrant Officer,Repair Specialist
G13541,48.1,0.5,0.5,0.5,0.35619047619047617,0.7047619047619048,Alpha,Senior Warrant Officer,Repair Specialist
G23338,48.1,0.5,0.5,0.5,0.35619047619047617,0.7047619047619048,Alpha,Warrant Officer,Repair Specialist
G21587,48.1,0.5,0.5,0.5,0.35619047619047617,0.7047619047619048,Alpha,Warrant Officer,Repair Specialist
G08482,48.1,0.5,0.5,0.5,0.35619047619047617,0.7047619047619048,Alpha,Senior Warrant Officer,Repair Specialist
G25255,55.0,0.5,0.5,0.5,0.820952380952381,0.22380952380952382,Alpha,Junior Warrant Officer,Repair Specialist
AO97199,53.4,0.8982456140350877,0.3140350877192982,0.49786324786324787,0.35619047619047617,0.7047619047619048,Beta,Lieutenant Colonel,Department Commander
AO16486,42.9,0.20350877192982453,0.7192982456140351,0.5,0.35619047619047617,0.049523809523809526,Beta,Captain,Chief of Operations
AO12560,61.4,0.9964912280701754,0.5368421052631579,0.49786324786324787,0.35619047619047617,0.7047619047619048,Beta,Major,Pilot-Operator Lead
G15848,48.1,0.5,0.5,0.5,0.35619047619047617,0.7047619047619048,Beta,Senior Warrant Officer,Technical Service Lead
AO13826,46.4,0.5,0.5,0.5,0.35619047619047617,0.3476190476190476,Beta,Major,Training & Standardization Lead
AO21460,62.4,0.23508771929824557,0.4052631578947369,0.9529914529914529,0.9523809523809523,0.7047619047619048,Beta,Senior Lieutenant,Operations Officer
AO18804,19.5,0.33333333333333337,0.028070175438596467,0.12179487179487179,0.35619047619047617,0.049523809523809526,Beta,Captain,Operations Officer
AO17999,69.3,0.7649122807017543,0.8192982456140351,0.7606837606837606,0.35619047619047617,0.7047619047619048,Beta,Captain,Operations Officer
AO21945,36.8,0.25263157894736843,0.29824561403508776,0.12179487179487179,0.820952380952381,0.7047619047619048,Beta,Senior Lieutenant,Operations Officer
AO22715,34.9,0.052631578947368474,0.08421052631578951,0.5747863247863247,0.820952380952381,0.14476190476190476,Beta,Senior Lieutenant,Operations Officer
AO16664,64.8,0.7578947368421053,0.5105263157894737,0.4188034188034188,0.9523809523809523,0.7047619047619048,Beta,Captain,Operations Officer
AO24322,36.5,0.07719298245614037,0.24035087719298243,0.8290598290598291,0.35619047619047617,0.14476190476190476,Beta,Lieutenant,Operations Officer
AO24715,37.1,0.08771929824561409,0.5807017543859649,0.5,0.35619047619047617,0.14476190476190476,Beta,Lieutenant,Operations Officer
AO16557,48.1,0.7719298245614035,0.17368421052631577,0.6816239316239316,0.35619047619047617,0.049523809523809526,Beta,Captain,Operations Officer
AO20423,41.9,0.375438596491228,0.7526315789473684,0.12179487179487179,0.35619047619047617,0.7047619047619048,Beta,Senior Lieutenant,Operations Officer
AO15870,68.0,0.6140350877192983,0.8614035087719298,0.9487179487179487,0.35619047619047617,0.049523809523809526,Beta,Captain,Operations Officer
AO17162,62.8,0.5894736842105264,0.3912280701754386,0.8290598290598291,0.820952380952381,0.22380952380952382,Beta,Captain,Operations Officer
AO24225,16.7,0.024561403508771895,0.09473684210526312,0.12179487179487179,0.35619047619047617,0.7047619047619048,Beta,Lieutenant,Operations Officer
AO24481,54.1,0.24912280701754386,0.7263157894736842,0.8931623931623932,0.35619047619047617,0.049523809523809526,Beta,Lieutenant,Operations Officer
AO12508,57.4,0.5,0.5,0.5,0.820952380952381,0.7047619047619048,Beta,Major,Flight Control Officer
AO23007,44.9,0.5,0.5,0.5,0.35619047619047617,0.049523809523809526,Beta,Lieutenant,Flight Control Officer
AO21316,46.6,0.5,0.5,0.5,0.35619047619047617,0.3904761904761905,Beta,Senior Lieutenant,Flight Control Officer
AO21906,44.9,0.5,0.5,0.5,0.35619047619047617,0.049523809523809526,Beta,Senior Lieutenant,Training & Standardization Officer
AO24203,45.3,0.5,0.5,0.5,0.35619047619047617,0.14476190476190476,Beta,Lieutenant,Training & Standardization Officer
AO20690,46.6,0.5,0.5,0.5,0.35619047619047617,0.3904761904761905,Beta,Senior Lieutenant,Training & Standardization Officer
AO19316,48.7,0.5754385964912281,0.44561403508771935,0.12179487179487179,0.9523809523809523,0.22380952380952382,Beta,Captain,Pilot-Operator
AO20211,50.0,0.543859649122807,0.4245614035087719,0.36538461538461536,0.820952380952381,0.049523809523809526,Beta,Senior Lieutenant,Pilot-Operator
AO14299,50.8,0.9719298245614035,0.010526315789473717,0.2606837606837607,0.9523809523809523,0.14476190476190476,Beta,Major,Pilot-Operator
AO23728,29.0,0.2771929824561403,0.4666666666666667,0.12179487179487179,0.35619047619047617,0.049523809523809526,Beta,Lieutenant,Pilot-Operator
AO22709,87.5,0.8912280701754386,0.9543859649122807,0.8547008547008547,0.820952380952381,0.7047619047619048,Beta,Senior Lieutenant,Pilot-Operator
AO18592,85.0,0.9438596491228071,0.7859649122807018,0.7286324786324786,1.0,0.7047619047619048,Beta,Captain,Pilot-Operator
AO18652,45.5,0.3929824561403509,0.2824561403508772,0.8290598290598291,0.35619047619047617,0.14476190476190476,Beta,Captain,Pilot-Operator
AO24038,34.4,0.5614035087719298,0.39824561403508774,0.12179487179487179,0.35619047619047617,0.049523809523809526,Beta,Lieutenant,Pilot-Operator
AO23051,47.9,0.5508771929824561,0.2596491228070176,0.4188034188034188,0.820952380952381,0.14476190476190476,Beta,Lieutenant,Pilot-Operator
AO25210,48.8,0.09824561403508769,0.6473684210526316,0.8931623931623932,0.35619047619047617,0.14476190476190476,Beta,Lieutenant,Pilot-Operator
AO25050,71.2,0.9122807017543859,0.5263157894736843,0.9850427350427351,0.35619047619047617,0.7047619047619048,Beta,Lieutenant,Pilot-Operator
AO24602,30.9,0.19999999999999996,0.19824561403508767,0.12179487179487179,0.820952380952381,0.2895238095238095,Beta,Lieutenant,Pilot-Operator
AO23001,36.1,0.4035087719298246,0.2929824561403509,0.4188034188034188,0.35619047619047617,0.22380952380952382,Beta,Lieutenant,Pilot-Operator
AO16430,32.4,0.8210526315789474,0.038596491228070184,0.12179487179487179,0.35619047619047617,0.14476190476190476,Beta,Captain,Pilot-Operator
AO23143,23.3,0.26315789473684215,0.11929824561403513,0.12179487179487179,0.35619047619047617,0.7047619047619048,Beta,Lieutenant,Pilot-Operator
AO24756,27.7,0.16491228070175434,0.15438596491228074,0.12179487179487179,0.820952380952381,0.049523809523809526,Beta,Lieutenant,Pilot-Operator
AO12366,49.1,0.9824561403508771,0.010526315789473717,0.5448717948717948,0.35619047619047617,0.7047619047619048,Beta,Major,Pilot-Operator
AO24395,47.4,0.8736842105263158,0.22807017543859653,0.5,0.35619047619047617,0.049523809523809526,Beta,Lieutenant,Pilot-Operator
AO23430,55.4,0.2596491228070176,0.7912280701754386,0.5,0.820952380952381,0.049523809523809526,Beta,Lieutenant,Pilot-Operator
AO24998,44.5,0.40701754385964917,0.4736842105263158,0.6047008547008547,0.35619047619047617,0.049523809523809526,Beta,Lieutenant,Pilot-Operator
G22440,52.1,0.38245614035087716,0.5614035087719298,0.7991452991452992,0.35619047619047617,0.2895238095238095,Beta,Warrant Officer,UAV Operator
G11589,79.0,0.8701754385964913,0.887719298245614,0.5,0.9523809523809523,0.7047619047619048,Beta,Senior Warrant Officer,UAV Operator
G23771,74.3,0.7508771929824561,0.9263157894736842,0.49786324786324787,0.820952380952381,0.7047619047619048,Beta,Warrant Officer,UAV Operator
G17117,47.2,0.7789473684210526,0.03508771929824561,0.6474358974358975,0.35619047619047617,0.7047619047619048,Beta,Senior Warrant Officer,UAV Operator
G15417,81.4,0.9368421052631579,0.9070175438596492,0.9850427350427351,0.35619047619047617,0.7047619047619048,Beta,Senior Warrant Officer,UAV Operator
G24483,61.6,0.17894736842105263,0.9859649122807017,0.5,0.820952380952381,0.7047619047619048,Beta,Junior Warrant Officer,UAV Operator
G24819,71.5,0.6350877192982456,0.743859649122807,0.6816239316239316,0.820952380952381,0.7047619047619048,Beta,Junior Warrant Officer,UAV Operator
G22927,44.3,0.6385964912280702,0.3789473684210526,0.3995726495726496,0.35619047619047617,0.3476190476190476,Beta,Warrant Officer,UAV Operator
G24599,34.9,0.14385964912280702,0.3666666666666667,0.46153846153846156,0.35619047619047617,0.7047619047619048,Beta,Junior Warrant Officer,UAV Operator
G25161,31.9,0.4631578947368421,0.26491228070175443,0.12179487179487179,0.35619047619047617,0.7047619047619048,Beta,Junior Warrant Officer,UAV Operator
G13723,63.8,0.8280701754385965,0.6175438596491227,0.6816239316239316,0.35619047619047617,0.7047619047619048,Beta,Senior Warrant Officer,UAV Operator
G24135,27.0,0.2421052631578947,0.024561403508771895,0.3888888888888889,0.35619047619047617,0.7047619047619048,Beta,Junior Warrant Officer,UAV Operator
G21624,40.3,0.4526315789473684,0.47017543859649125,0.33547008547008544,0.35619047619047617,0.3476190476190476,Beta,Warrant Officer,UAV Operator
G08986,50.5,0.6807017543859649,0.5473684210526315,0.36538461538461536,0.35619047619047617,0.7047619047619048,Beta,Senior Warrant Officer,UAV Operator
G21223,62.6,0.6070175438596491,0.712280701754386,0.7606837606837606,0.35619047619047617,0.7047619047619048,Beta,Warrant Officer,UAV Operator
G23268,59.6,0.487719298245614,0.7473684210526316,0.7222222222222222,0.35619047619047617,0.7047619047619048,Beta,Warrant Officer,UAV Operator
G25106,25.5,0.43157894736842106,0.04210526315789476,0.12179487179487179,0.35619047619047617,0.7047619047619048,Beta,Junior Warrant Officer,UAV Operator
G25990,68.6,0.512280701754386,0.9350877192982456,0.5,0.820952380952381,0.7047619047619048,Beta,Junior Warrant Officer,UAV Operator
G15161,46.9,0.7017543859649122,0.34912280701754383,0.3995726495726496,0.35619047619047617,0.7047619047619048,Beta,Senior Warrant Officer,UAV Operator
G22969,70.2,0.8842105263157894,0.8912280701754386,0.6047008547008547,0.35619047619047617,0.7047619047619048,Beta,Warrant Officer,UAV Operator
G25008,46.1,0.5,0.5,0.5,0.35619047619047617,0.2895238095238095,Beta,Junior Warrant Officer,Technical Staff
G24879,48.1,0.5,0.5,0.5,0.35619047619047617,0.7047619047619048,Beta,Junior Warrant Officer,Technical Staff
G16019,46.4,0.5,0.5,0.5,0.35619047619047617,0.3476190476190476,Beta,Senior Warrant Officer,Technical Staff
G24796,48.1,0.5,0.5,0.5,0.35619047619047617,0.7047619047619048,Beta,Junior Warrant Officer,Technical Staff
G23895,46.6,0.5,0.5,0.5,0.35619047619047617,0.3904761904761905,Beta,Junior Warrant Officer,Technical Staff
G21967,48.1,0.5,0.5,0.5,0.35619047619047617,0.7047619047619048,Beta,Senior Warrant Officer,Technical Staff
G24128,57.4,0.5,0.5,0.5,0.820952380952381,0.7047619047619048,Beta,Junior Warrant Officer,Technical Staff
G17208,48.1,0.5,0.5,0.5,0.35619047619047617,0.7047619047619048,Beta,Senior Warrant Officer,Technical Staff
G23922,48.1,0.5,0.5,0.5,0.35619047619047617,0.7047619047619048,Beta,Junior Warrant Officer,Technical Staff
G11685,48.1,0.5,0.5,0.5,0.35619047619047617,0.7047619047619048,Beta,Senior Warrant Officer,Technical Staff
G23964,48.1,0.5,0.5,0.5,0.35619047619047617,0.7047619047619048,Beta,Junior Warrant Officer,Technical Staff
G24038,48.1,0.5,0.5,0.5,0.35619047619047617,0.7047619047619048,Beta,Junior Warrant Officer,Technical Staff
G23945,48.1,0.5,0.5,0.5,0.35619047619047617,0.7047619047619048,Beta,Warrant Officer,Technical Staff
G10758,48.1,0.5,0.5,0.5,0.35619047619047617,0.7047619047619048,Beta,Senior Warrant Officer,Technical Staff
G08002,48.1,0.5,0.5,0.5,0.35619047619047617,0.7047619047619048,Beta,Senior Warrant Officer,Technical Staff
G24250,45.3,0.5,0.5,0.5,0.35619047619047617,0.14476190476190476,Beta,Junior Warrant Officer,Technical Staff
G24010,48.1,0.5,0.5,0.5,0.35619047619047617,0.7047619047619048,Beta,Junior Warrant Officer,Technical Staff
G24043,48.1,0.5,0.5,0.5,0.35619047619047617,0.7047619047619048,Beta,Junior Warrant Officer,Technical Staff
G22635,46.4,0.5,0.5,0.5,0.35619047619047617,0.3476190476190476,Beta,Warrant Officer,Technical Staff
G22413,48.1,0.5,0.5,0.5,0.35619047619047617,0.7047619047619048,Beta,Warrant Officer,Technical Staff
G21070,48.1,0.5,0.5,0.5,0.35619047619047617,0.7047619047619048,Beta,Warrant Officer,Technical Service
G23299,48.1,0.5,0.5,0.5,0.35619047619047617,0.7047619047619048,Beta,Warrant Officer,Technical Service
G25915,57.4,0.5,0.5,0.5,0.820952380952381,0.7047619047619048,Beta,Junior Warrant Officer,Technical Service
G22473,48.1,0.5,0.5,0.5,0.35619047619047617,0.7047619047619048,Beta,Warrant Officer,Technical Service
G24309,60.1,0.5,0.5,0.5,0.9523809523809523,0.7047619047619048,Beta,Junior Warrant Officer,Technical Service
G18175,48.1,0.5,0.5,0.5,0.35619047619047617,0.7047619047619048,Beta,Senior Warrant Officer,Technical Service
G10138,48.1,0.5,0.5,0.5,0.35619047619047617,0.7047619047619048,Beta,Senior Warrant Officer,Technical Service
G24284,60.1,0.5,0.5,0.5,0.9523809523809523,0.7047619047619048,Beta,Junior Warrant Officer,Technical Service
G22544,44.9,0.5,0.5,0.5,0.35619047619047617,0.049523809523809526,Beta,Warrant Officer,Technical Service
G14731,57.4,0.5,0.5,0.5,0.820952380952381,0.7047619047619048,Beta,Senior Warrant Officer,Technical Service
G23763,46.1,0.5,0.5,0.5,0.35619047619047617,0.2895238095238095,Beta,Warrant Officer,Technical Service
G08568,46.4,0.5,0.5,0.5,0.35619047619047617,0.3476190476190476,Beta,Senior Warrant Officer,Technical Service
G12593,57.4,0.5,0.5,0.5,0.820952380952381,0.7047619047619048,Beta,Senior Warrant Officer,Repair Specialist
G08962,48.1,0.5,0.5,0.5,0.35619047619047617,0.7047619047619048,Beta,Senior Warrant Officer,Repair Specialist
G12425,48.1,0.5,0.5,0.5,0.35619047619047617,0.7047619047619048,Beta,Senior Warrant Officer,Repair Specialist
G25778,57.4,0.5,0.5,0.5,0.820952380952381,0.7047619047619048,Beta,Junior Warrant Officer,Repair Specialist
G13609,48.1,0.5,0.5,0.5,0.35619047619047617,0.7047619047619048,Beta,Senior Warrant Officer,Repair Specialist
G24580,57.4,0.5,0.5,0.5,0.820952380952381,0.7047619047619048,Beta,Junior Warrant Officer,Repair Specialist
G21267,48.1,0.5,0.5,0.5,0.35619047619047617,0.7047619047619048,Beta,Warrant Officer,Repair Specialist
G23226,48.1,0.5,0.5,0.5,0.35619047619047617,0.7047619047619048,Beta,Warrant Officer,Repair Specialist
AO05709,48.1,0.6842105263157895,0.44561403508771935,0.5,0.35619047619047617,0.049523809523809526,Delta,Lieutenant Colonel,Department Commander
AO12824,68.3,0.8596491228070176,0.9456140350877194,0.5,0.35619047619047617,0.7047619047619048,Delta,Major,Chief of Operations
AO16360,91.5,0.9754385964912281,0.8842105263157894,0.8632478632478633,0.9942857142857143,0.7047619047619048,Delta,Captain,Pilot-Operator Lead
G11837,48.1,0.5,0.5,0.5,0.35619047619047617,0.7047619047619048,Delta,Senior Warrant Officer,Technical Service Lead
AO13387,48.1,0.5,0.5,0.5,0.35619047619047617,0.7047619047619048,Delta,Major,Training & Standardization Lead
AO18342,45.9,0.4666666666666667,0.08070175438596494,0.9273504273504274,0.35619047619047617,0.3904761904761905,Delta,Captain,Operations Officer
AO23991,57.6,0.10526315789473684,0.487719298245614,0.8931623931623932,0.9523809523809523,0.2895238095238095,Delta,Lieutenant,Operations Officer
AO11296,66.4,0.9473684210526316,0.34912280701754383,0.9316239316239316,0.35619047619047617,0.7047619047619048,Delta,Major,Operations Officer
AO24278,40.7,0.12631578947368416,0.6701754385964912,0.5,0.35619047619047617,0.22380952380952382,Delta,Lieutenant,Operations Officer
AO21963,51.8,0.5578947368421052,0.21754385964912282,0.5,0.820952380952381,0.7047619047619048,Delta,Senior Lieutenant,Operations Officer
AO24578,52.0,0.21052631578947367,0.5649122807017544,0.9636752136752137,0.35619047619047617,0.2895238095238095,Delta,Lieutenant,Operations Officer
AO25711,36.9,0.3298245614035088,0.712280701754386,0.12179487179487179,0.35619047619047617,0.14476190476190476,Delta,Lieutenant,Operations Officer
AO14187,47.8,0.6035087719298246,0.3315789473684211,0.6324786324786325,0.35619047619047617,0.2895238095238095,Delta,Major,Operations Officer
AO22316,14.5,0.021052631578947323,0.010526315789473717,0.12179487179487179,0.35619047619047617,0.7047619047619048,Delta,Senior Lieutenant,Operations Officer
AO18186,30.2,0.48070175438596496,0.16491228070175434,0.2692307692307692,0.35619047619047617,0.049523809523809526,Delta,Captain,Operations Officer
AO20436,38.7,0.21754385964912282,0.35789473684210527,0.5448717948717948,0.35619047619047617,0.7047619047619048,Delta,Senior Lieutenant,Operations Officer
AO18238,39.4,0.16140350877192977,0.6017543859649123,0.5,0.35619047619047617,0.14476190476190476,Delta,Captain,Operations Officer
AO25379,49.3,0.03157894736842104,0.6859649122807018,0.9423076923076923,0.35619047619047617,0.14476190476190476,Delta,Lieutenant,Operations Officer
AO12189,68.8,0.736842105263158,0.343859649122807,0.9572649572649573,0.820952380952381,0.2895238095238095,Delta,Major,Operations Officer
AO15573,57.4,0.5,0.5,0.5,0.820952380952381,0.7047619047619048,Delta,Captain,Flight Control Officer
AO18127,57.4,0.5,0.5,0.5,0.820952380952381,0.7047619047619048,Delta,Captain,Flight Control Officer
AO13278,57.4,0.5,0.5,0.5,0.820952380952381,0.7047619047619048,Delta,Major,Flight Control Officer
AO15860,55.4,0.5,0.5,0.5,0.820952380952381,0.2895238095238095,Delta,Captain,Training & Standardization Officer
AO23574,55.0,0.5,0.5,0.5,0.820952380952381,0.22380952380952382,Delta,Lieutenant,Training & Standardization Officer
AO24436,44.9,0.5,0.5,0.5,0.35619047619047617,0.049523809523809526,Delta,Lieutenant,Training & Standardization Officer
AO24631,54.8,0.0035087719298245723,0.8701754385964913,0.5,0.9523809523809523,0.2895238095238095,Delta,Lieutenant,Pilot-Operator
AO15583,68.3,0.5192982456140351,0.7350877192982457,0.6816239316239316,0.820952380952381,0.7047619047619048,Delta,Captain,Pilot-Operator
AO24190,41.0,0.2912280701754386,0.5105263157894737,0.5448717948717948,0.35619047619047617,0.049523809523809526,Delta,Lieutenant,Pilot-Operator
AO15781,68.8,0.49122807017543857,0.9350877192982456,0.6260683760683761,0.820952380952381,0.22380952380952382,Delta,Captain,Pilot-Operator
AO12061,54.6,0.47017543859649125,0.6578947368421053,0.7606837606837606,0.35619047619047617,0.049523809523809526,Delta,Major,Pilot-Operator
AO18148,67.3,0.8140350877192982,0.30877192982456136,0.7606837606837606,0.9523809523809523,0.22380952380952382,Delta,Captain,Pilot-Operator
AO13289,51.7,0.2666666666666667,0.6666666666666667,0.4188034188034188,0.820952380952381,0.2895238095238095,Delta,Major,Pilot-Operator
AO23475,76.3,0.9403508771929825,0.8140350877192982,0.5,0.820952380952381,0.7047619047619048,Delta,Lieutenant,Pilot-Operator
AO25607,68.7,0.9508771929824561,0.9824561403508771,0.5,0.35619047619047617,0.14476190476190476,Delta,Lieutenant,Pilot-Operator
AO21091,70.6,0.8491228070175438,0.6859649122807018,0.5,0.9523809523809523,0.14476190476190476,Delta,Senior Lieutenant,Pilot-Operator
AO22207,53.1,0.9017543859649123,0.6754385964912281,0.12179487179487179,0.35619047619047617,0.7047619047619048,Delta,Senior Lieutenant,Pilot-Operator
AO17682,43.5,0.856140350877193,0.07543859649122808,0.12179487179487179,0.820952380952381,0.14476190476190476,Delta,Captain,Pilot-Operator
AO17015,52.4,0.7298245614035088,0.9,0.12179487179487179,0.35619047619047617,0.2895238095238095,Delta,Captain,Pilot-Operator
AO13576,46.5,0.6175438596491227,0.5105263157894737,0.43803418803418803,0.35619047619047617,0.049523809523809526,Delta,Major,Pilot-Operator
AO20306,56.2,0.34736842105263155,0.775438596491228,0.7606837606837606,0.35619047619047617,0.3904761904761905,Delta,Senior Lieutenant,Pilot-Operator
AO14271,40.2,0.6701754385964912,0.24736842105263157,0.33547008547008544,0.35619047619047617,0.3476190476190476,Delta,Major,Pilot-Operator
AO25477,38.1,0.12982456140350873,0.9192982456140351,0.12179487179487179,0.35619047619047617,0.3476190476190476,Delta,Lieutenant,Pilot-Operator
AO16242,70.3,0.9929824561403509,0.6087719298245614,0.28205128205128205,0.981904761904762,0.7047619047619048,Delta,Captain,Pilot-Operator
AO23405,56.9,0.8035087719298246,0.6280701754385964,0.4188034188034188,0.35619047619047617,0.7047619047619048,Delta,Lieutenant,Pilot-Operator
AO18046,66.4,0.5403508771929825,0.8192982456140351,0.5,0.820952380952381,0.7047619047619048,Delta,Captain,Pilot-Operator
G20303,54.4,0.6982456140350877,0.19824561403508767,0.8547008547008547,0.35619047619047617,0.7047619047619048,Delta,Senior Warrant Officer,UAV Operator
G12516,37.6,0.45964912280701753,0.11929824561403513,0.49786324786324787,0.35619047619047617,0.7047619047619048,Delta,Senior Warrant Officer,UAV Operator
G11545,71.5,0.9157894736842105,0.8035087719298246,0.7136752136752137,0.35619047619047617,0.7047619047619048,Delta,Senior Warrant Officer,UAV Operator
G24443,27.5,0.10175438596491226,0.20526315789473681,0.36538461538461536,0.35619047619047617,0.7047619047619048,Delta,Junior Warrant Officer,UAV Operator
G24868,65.1,0.343859649122807,0.9614035087719298,0.5,0.820952380952381,0.7047619047619048,Delta,Junior Warrant Officer,UAV Operator
G23314,54.0,0.45614035087719296,0.2929824561403509,0.9850427350427351,0.35619047619047617,0.7047619047619048,Delta,Warrant Officer,UAV Operator
G19777,46.7,0.7684210526315789,0.17368421052631577,0.5,0.35619047619047617,0.7047619047619048,Delta,Senior Warrant Officer,UAV Operator
G08440,53.6,0.8771929824561404,0.19298245614035092,0.6474358974358975,0.35619047619047617,0.7047619047619048,Delta,Senior Warrant Officer,UAV Operator
G23726,36.6,0.49473684210526314,0.42105263157894735,0.12179487179487179,0.35619047619047617,0.7047619047619048,Delta,Junior Warrant Officer,UAV Operator
G11657,55.9,0.5368421052631579,0.44561403508771935,0.8290598290598291,0.35619047619047617,0.7047619047619048,Delta,Senior Warrant Officer,UAV Operator
G21722,33.5,0.2807017543859649,0.13157894736842102,0.5,0.35619047619047617,0.7047619047619048,Delta,Warrant Officer,UAV Operator
G22580,53.5,0.9192982456140351,0.35789473684210527,0.43803418803418803,0.35619047619047617,0.7047619047619048,Delta,Warrant Officer,UAV Operator
G16308,53.9,0.8421052631578947,0.7666666666666666,0.12179487179487179,0.35619047619047617,0.7047619047619048,Delta,Senior Warrant Officer,UAV Operator
G23263,47.2,0.38596491228070173,0.5754385964912281,0.5,0.35619047619047617,0.7047619047619048,Delta,Warrant Officer,UAV Operator
G22662,57.1,0.6596491228070176,0.8614035087719298,0.33547008547008544,0.35619047619047617,0.7047619047619048,Delta,Warrant Officer,UAV Operator
G20911,70.1,0.6526315789473685,0.8333333333333334,0.8931623931623932,0.35619047619047617,0.7047619047619048,Delta,Senior Warrant Officer,UAV Operator
G22464,58.2,0.6421052631578947,0.4614035087719298,0.7991452991452992,0.35619047619047617,0.7047619047619048,Delta,Warrant Officer,UAV Operator
G21369,49.7,0.4,0.7,0.46153846153846156,0.35619047619047617,0.7047619047619048,Delta,Warrant Officer,UAV Operator
G18149,52.2,0.6736842105263158,0.487719298245614,0.5,0.35619047619047617,0.7047619047619048,Delta,Senior Warrant Officer,UAV Operator
G07690,33.3,0.8,0.06666666666666665,0.12179487179487179,0.35619047619047617,0.2895238095238095,Delta,Senior Warrant Officer,UAV Operator
G23804,57.4,0.5,0.5,0.5,0.820952380952381,0.7047619047619048,Delta,Warrant Officer,Technical Staff
G24311,46.4,0.5,0.5,0.5,0.35619047619047617,0.3476190476190476,Delta,Junior Warrant Officer,Technical Staff
G07820,46.1,0.5,0.5,0.5,0.35619047619047617,0.2895238095238095,Delta,Senior Warrant Officer,Technical Staff
G24390,45.7,0.5,0.5,0.5,0.35619047619047617,0.22380952380952382,Delta,Junior Warrant Officer,Technical Staff
G09841,55.4,0.5,0.5,0.5,0.820952380952381,0.2895238095238095,Delta,Senior Warrant Officer,Technical Staff
G25584,57.4,0.5,0.5,0.5,0.820952380952381,0.7047619047619048,Delta,Junior Warrant Officer,Technical Staff
G23074,48.1,0.5,0.5,0.5,0.35619047619047617,0.7047619047619048,Delta,Warrant Officer,Technical Staff
G23810,58.9,0.5,0.5,0.5,0.981904761904762,0.3476190476190476,Delta,Junior Warrant Officer,Technical Staff
G21565,48.1,0.5,0.5,0.5,0.35619047619047617,0.7047619047619048,Delta,Warrant Officer,Technical Staff
G20187,46.4,0.5,0.5,0.5,0.35619047619047617,0.3476190476190476,Delta,Senior Warrant Officer,Technical Staff
G24951,48.1,0.5,0.5,0.5,0.35619047619047617,0.7047619047619048,Delta,Junior Warrant Officer,Technical Staff
G25456,58.6,0.5,0.5,0.5,0.981904761904762,0.2895238095238095,Delta,Junior Warrant Officer,Technical Staff
G15955,48.1,0.5,0.5,0.5,0.35619047619047617,0.7047619047619048,Delta,Senior Warrant Officer,Technical Staff
G21305,48.1,0.5,0.5,0.5,0.35619047619047617,0.7047619047619048,Delta,Warrant Officer,Technical Staff
G22415,46.1,0.5,0.5,0.5,0.35619047619047617,0.2895238095238095,Delta,Warrant Officer,Technical Staff
G22037,57.4,0.5,0.5,0.5,0.820952380952381,0.7047619047619048,Delta,Warrant Officer,Technical Staff
G22579,48.1,0.5,0.5,0.5,0.35619047619047617,0.7047619047619048,Delta,Warrant Officer,Technical Staff
G22977,48.1,0.5,0.5,0.5,0.35619047619047617,0.7047619047619048,Delta,Warrant Officer,Technical Staff
G24065,48.1,0.5,0.5,0.5,0.35619047619047617,0.7047619047619048,Delta,Junior Warrant Officer,Technical Staff
G07673,46.6,0.5,0.5,0.5,0.35619047619047617,0.3904761904761905,Delta,Senior Warrant Officer,Technical Staff
G22535,48.1,0.5,0.5,0.5,0.35619047619047617,0.7047619047619048,Delta,Warrant Officer,Technical Service
G23918,57.4,0.5,0.5,0.5,0.820952380952381,0.7047619047619048,Delta,Warrant Officer,Technical Service
G25132,48.1,0.5,0.5,0.5,0.35619047619047617,0.7047619047619048,Delta,Junior Warrant Officer,Technical Service
G22485,48.1,0.5,0.5,0.5,0.35619047619047617,0.7047619047619048,Delta,Warrant Officer,Technical Service
G22220,57.4,0.5,0.5,0.5,0.820952380952381,0.7047619047619048,Delta,Warrant Officer,Technical Service
G22168,48.1,0.5,0.5,0.5,0.35619047619047617,0.7047619047619048,Delta,Warrant Officer,Technical Service
G13401,48.1,0.5,0.5,0.5,0.35619047619047617,0.7047619047619048,Delta,Senior Warrant Officer,Technical Service
G25062,48.1,0.5,0.5,0.5,0.35619047619047617,0.7047619047619048,Delta,Junior Warrant Officer,Technical Service
G23312,46.1,0.5,0.5,0.5,0.35619047619047617,0.2895238095238095,Delta,Warrant Officer,Technical Service
G11789,48.1,0.5,0.5,0.5,0.35619047619047617,0.7047619047619048,Delta,Senior Warrant Officer,Technical Service
G25707,48.1,0.5,0.5,0.5,0.35619047619047617,0.7047619047619048,Delta,Junior Warrant Officer,Technical Service
G22436,60.1,0.5,0.5,0.5,0.9523809523809523,0.7047619047619048,Delta,Warrant Officer,Technical Service
G13194,57.4,0.5,0.5,0.5,0.820952380952381,0.7047619047619048,Delta,Senior Warrant Officer,Repair Specialist
G24151,48.1,0.5,0.5,0.5,0.35619047619047617,0.7047619047619048,Delta,Junior Warrant Officer,Repair Specialist
G07405,57.4,0.5,0.5,0.5,0.820952380952381,0.7047619047619048,Delta,Senior Warrant Officer,Repair Specialist
G11903,57.4,0.5,0.5,0.5,0.820952380952381,0.7047619047619048,Delta,Senior Warrant Officer,Repair Specialist
G23626,48.1,0.5,0.5,0.5,0.35619047619047617,0.7047619047619048,Delta,Warrant Officer,Repair Specialist
G09553,48.1,0.5,0.5,0.5,0.35619047619047617,0.7047619047619048,Delta,Senior Warrant Officer,Repair Specialist
G22502,48.1,0.5,0.5,0.5,0.35619047619047617,0.7047619047619048,Delta,Warrant Officer,Repair Specialist
G25177,44.9,0.5,0.5,0.5,0.35619047619047617,0.049523809523809526,Delta,Junior Warrant Officer,Repair Specialist
AO97317,47.7,0.6947368421052631,0.38421052631578945,0.5,0.35619047619047617,0.22380952380952382,Gamma,Lieutenant Colonel,Department Commander
AO14416,42.0,0.5543859649122806,0.3315789473684211,0.5,0.35619047619047617,0.049523809523809526,Gamma,Major,Chief of Operations
AO14212,66.6,0.9263157894736842,0.8105263157894737,0.5,0.35619047619047617,0.7047619047619048,Gamma,Major,Pilot-Operator Lead
G23124,48.1,0.5,0.5,0.5,0.35619047619047617,0.7047619047619048,Gamma,Warrant Officer,Technical Service Lead
AO18162,45.3,0.5,0.5,0.5,0.35619047619047617,0.14476190476190476,Gamma,Captain,Training & Standardization Lead
AO17072,47.0,0.4771929824561404,0.27543859649122804,0.46153846153846156,0.820952380952381,0.049523809523809526,Gamma,Captain,Operations Officer
AO24985,35.4,0.14035087719298245,0.35789473684210527,0.6047008547008547,0.35619047619047617,0.14476190476190476,Gamma,Lieutenant,Operations Officer
AO21429,30.6,0.23859649122807014,0.010526315789473717,0.6816239316239316,0.35619047619047617,0.049523809523809526,Gamma,Senior Lieutenant,Operations Officer
AO20240,40.5,0.33684210526315794,0.43157894736842106,0.49786324786324787,0.35619047619047617,0.3476190476190476,Gamma,Senior Lieutenant,Operations Officer
AO16860,37.3,0.19649122807017538,0.48070175438596496,0.5,0.35619047619047617,0.14476190476190476,Gamma,Captain,Operations Officer
AO24475,39.6,0.0491228070175439,0.6473684210526316,0.46153846153846156,0.35619047619047617,0.7047619047619048,Gamma,Lieutenant,Operations Officer
AO24451,28.5,0.04210526315789476,0.24035087719298243,0.5448717948717948,0.35619047619047617,0.14476190476190476,Gamma,Lieutenant,Operations Officer
AO25736,17.1,0.03508771929824561,0.09999999999999998,0.12179487179487179,0.35619047619047617,0.7047619047619048,Gamma,Lieutenant,Operations Officer
AO24080,47.0,0.0736842105263158,0.9929824561403509,0.49786324786324787,0.35619047619047617,0.14476190476190476,Gamma,Lieutenant,Operations Officer
AO17637,65.8,0.7333333333333334,0.9719298245614035,0.5,0.35619047619047617,0.7047619047619048,Gamma,Captain,Operations Officer
AO23313,39.4,0.1228070175438597,0.9070175438596492,0.12179487179487179,0.35619047619047617,0.7047619047619048,Gamma,Lieutenant,Operations Officer
AO23316,37.4,0.10877192982456141,0.6245614035087719,0.33547008547008544,0.35619047619047617,0.7047619047619048,Gamma,Lieutenant,Operations Officer
AO17887,81.1,0.7929824561403509,0.856140350877193,0.7991452991452992,0.820952380952381,0.7047619047619048,Gamma,Captain,Operations Officer
AO15343,58.8,0.8315789473684211,0.5964912280701755,0.5,0.35619047619047617,0.7047619047619048,Gamma,Captain,Operations Officer
AO18123,48.1,0.5,0.5,0.5,0.35619047619047617,0.7047619047619048,Gamma,Captain,Flight Control Officer
AO18600,45.7,0.5,0.5,0.5,0.35619047619047617,0.22380952380952382,Gamma,Captain,Flight Control Officer
AO24112,57.4,0.5,0.5,0.5,0.820952380952381,0.7047619047619048,Gamma,Lieutenant,Flight Control Officer
AO18070,54.6,0.5,0.5,0.5,0.820952380952381,0.14476190476190476,Gamma,Captain,Training & Standardization Officer
AO24903,45.3,0.5,0.5,0.5,0.35619047619047617,0.14476190476190476,Gamma,Lieutenant,Training & Standardization Officer
AO21835,48.1,0.5,0.5,0.5,0.35619047619047617,0.7047619047619048,Gamma,Senior Lieutenant,Training & Standardization Officer
AO21206,74.9,0.9614035087719298,0.9789473684210527,0.7606837606837606,0.35619047619047617,0.049523809523809526,Gamma,Senior Lieutenant,Pilot-Operator
AO15626,41.1,0.30175438596491233,0.7964912280701755,0.12179487179487179,0.35619047619047617,0.7047619047619048,Gamma,Captain,Pilot-Operator
AO16652,49.5,0.7473684210526316,0.3035087719298246,0.12179487179487179,0.9523809523809523,0.22380952380952382,Gamma,Captain,Pilot-Operator
AO21394,38.7,0.04561403508771933,0.5578947368421052,0.12179487179487179,0.9942857142857143,0.14476190476190476,Gamma,Senior Lieutenant,Pilot-Operator
AO17667,57.6,0.5473684210526315,0.6754385964912281,0.28205128205128205,0.820952380952381,0.7047619047619048,Gamma,Captain,Pilot-Operator
AO25008,27.1,0.08421052631578951,0.1105263157894737,0.5448717948717948,0.35619047619047617,0.2895238095238095,Gamma,Lieutenant,Pilot-Operator
AO21911,65.9,0.9087719298245613,0.8333333333333334,0.12179487179487179,0.9523809523809523,0.049523809523809526,Gamma,Senior Lieutenant,Pilot-Operator
AO24650,66.4,0.7403508771929825,0.6175438596491227,0.5,0.820952380952381,0.7047619047619048,Gamma,Lieutenant,Pilot-Operator
AO13655,51.8,0.6210526315789473,0.1596491228070176,0.5,0.9523809523809523,0.14476190476190476,Gamma,Major,Pilot-Operator
AO19192,55.5,0.30877192982456136,0.9403508771929825,0.2564102564102564,0.820952380952381,0.2895238095238095,Gamma,Captain,Pilot-Operator
AO22118,79.9,0.8631578947368421,0.6350877192982456,0.7606837606837606,0.9942857142857143,0.7047619047619048,Gamma,Senior Lieutenant,Pilot-Operator
AO24579,30.1,0.13684210526315788,0.14210526315789473,0.5,0.35619047619047617,0.7047619047619048,Gamma,Lieutenant,Pilot-Operator
AO12488,53.0,0.9333333333333333,0.1105263157894737,0.7606837606837606,0.35619047619047617,0.14476190476190476,Gamma,Major,Pilot-Operator
AO24665,54.4,0.7614035087719299,0.5929824561403509,0.12179487179487179,0.820952380952381,0.22380952380952382,Gamma,Lieutenant,Pilot-Operator
AO18360,43.7,0.28421052631578947,0.010526315789473717,0.7286324786324786,0.820952380952381,0.3476190476190476,Gamma,Captain,Pilot-Operator
AO12822,56.1,0.7894736842105263,0.6473684210526316,0.12179487179487179,0.820952380952381,0.14476190476190476,Gamma,Major,Pilot-Operator
AO11938,44.6,0.775438596491228,0.1596491228070176,0.12179487179487179,0.820952380952381,0.3476190476190476,Gamma,Major,Pilot-Operator
AO21355,55.8,0.8807017543859649,0.4964912280701754,0.5,0.35619047619047617,0.3476190476190476,Gamma,Senior Lieutenant,Pilot-Operator
AO16958,61.4,0.256140350877193,0.5508771929824561,0.9145299145299145,0.820952380952381,0.3904761904761905,Gamma,Captain,Pilot-Operator
AO23557,38.8,0.056140350877192935,0.26491228070175443,0.3034188034188034,0.981904761904762,0.7047619047619048,Gamma,Lieutenant,Pilot-Operator
G08994,50.3,0.5228070175438597,0.7403508771929825,0.32264957264957267,0.35619047619047617,0.7047619047619048,Gamma,Senior Warrant Officer,UAV Operator
G21193,63.4,0.5824561403508772,0.6350877192982456,0.8931623931623932,0.35619047619047617,0.7047619047619048,Gamma,Warrant Officer,UAV Operator
G23405,46.0,0.3263157894736842,0.7,0.5,0.35619047619047617,0.14476190476190476,Gamma,Warrant Officer,UAV Operator
G21265,46.6,0.5087719298245614,0.5017543859649123,0.5,0.35619047619047617,0.3476190476190476,Gamma,Warrant Officer,UAV Operator
G23583,66.4,0.8175438596491228,0.5210526315789474,0.8931623931623932,0.35619047619047617,0.7047619047619048,Gamma,Warrant Officer,UAV Operator
G16237,53.4,0.7192982456140351,0.07017543859649122,0.9209401709401709,0.35619047619047617,0.7047619047619048,Gamma,Senior Warrant Officer,UAV Operator
G12759,36.3,0.6666666666666667,0.16842105263157892,0.3034188034188034,0.35619047619047617,0.14476190476190476,Gamma,Senior Warrant Officer,UAV Operator
G21712,32.8,0.5929824561403509,0.010526315789473717,0.28205128205128205,0.35619047619047617,0.7047619047619048,Gamma,Warrant Officer,UAV Operator
G11534,67.1,0.7824561403508772,0.9298245614035088,0.5448717948717948,0.35619047619047617,0.7047619047619048,Gamma,Senior Warrant Officer,UAV Operator
G13338,74.5,0.968421052631579,0.8263157894736842,0.7606837606837606,0.35619047619047617,0.7047619047619048,Gamma,Senior Warrant Officer,UAV Operator
G24740,42.5,0.11578947368421055,0.4771929824561404,0.6816239316239316,0.35619047619047617,0.7047619047619048,Gamma,Junior Warrant Officer,UAV Operator
G24625,38.5,0.1701754385964912,0.24736842105263157,0.3888888888888889,0.820952380952381,0.3904761904761905,Gamma,Junior Warrant Officer,UAV Operator
G08825,41.0,0.6456140350877193,0.07543859649122808,0.12179487179487179,0.820952380952381,0.7047619047619048,Gamma,Senior Warrant Officer,UAV Operator
G24228,59.4,0.22456140350877196,0.9508771929824561,0.5,0.820952380952381,0.22380952380952382,Gamma,Junior Warrant Officer,UAV Operator
G22914,64.0,0.368421052631579,0.6350877192982456,0.8290598290598291,0.820952380952381,0.3476190476190476,Gamma,Warrant Officer,UAV Operator
G23950,37.4,0.32280701754385965,0.14210526315789473,0.6047008547008547,0.35619047619047617,0.7047619047619048,Gamma,Warrant Officer,UAV Operator
G18229,70.6,0.743859649122807,0.7807017543859649,0.8717948717948718,0.35619047619047617,0.7047619047619048,Gamma,Senior Warrant Officer,UAV Operator
G10034,37.5,0.5789473684210527,0.37192982456140355,0.12179487179487179,0.35619047619047617,0.7047619047619048,Gamma,Senior Warrant Officer,UAV Operator
G24055,32.4,0.3508771929824561,0.056140350877192935,0.46153846153846156,0.35619047619047617,0.7047619047619048,Gamma,Junior Warrant Officer,UAV Operator
G17751,61.2,0.35789473684210527,0.7228070175438597,0.9423076923076923,0.35619047619047617,0.7047619047619048,Gamma,Senior Warrant Officer,UAV Operator
G21335,57.4,0.5,0.5,0.5,0.820952380952381,0.7047619047619048,Gamma,Warrant Officer,Technical Staff
G19692,48.1,0.5,0.5,0.5,0.35619047619047617,0.7047619047619048,Gamma,Senior Warrant Officer,Technical Staff
G18048,48.1,0.5,0.5,0.5,0.35619047619047617,0.7047619047619048,Gamma,Senior Warrant Officer,Technical Staff
G23617,48.1,0.5,0.5,0.5,0.35619047619047617,0.7047619047619048,Gamma,Warrant Officer,Technical Staff
G18607,48.1,0.5,0.5,0.5,0.35619047619047617,0.7047619047619048,Gamma,Senior Warrant Officer,Technical Staff
G22495,44.9,0.5,0.5,0.5,0.35619047619047617,0.049523809523809526,Gamma,Warrant Officer,Technical Staff
G22236,48.1,0.5,0.5,0.5,0.35619047619047617,0.7047619047619048,Gamma,Warrant Officer,Technical Staff
G22081,48.1,0.5,0.5,0.5,0.35619047619047617,0.7047619047619048,Gamma,Warrant Officer,Technical Staff
G23603,58.0,0.5,0.5,0.5,0.9523809523809523,0.2895238095238095,Gamma,Junior Warrant Officer,Technical Staff
G23250,57.4,0.5,0.5,0.5,0.820952380952381,0.7047619047619048,Gamma,Warrant Officer,Technical Staff
G21406,48.1,0.5,0.5,0.5,0.35619047619047617,0.7047619047619048,Gamma,Warrant Officer,Technical Staff
G24842,48.1,0.5,0.5,0.5,0.35619047619047617,0.7047619047619048,Gamma,Junior Warrant Officer,Technical Staff
G09851,57.4,0.5,0.5,0.5,0.820952380952381,0.7047619047619048,Gamma,Senior Warrant Officer,Technical Staff
G17884,48.1,0.5,0.5,0.5,0.35619047619047617,0.7047619047619048,Gamma,Senior Warrant Officer,Technical Staff
G25117,48.1,0.5,0.5,0.5,0.35619047619047617,0.7047619047619048,Gamma,Junior Warrant Officer,Technical Staff
G25881,48.1,0.5,0.5,0.5,0.35619047619047617,0.7047619047619048,Gamma,Junior Warrant Officer,Technical Staff
G22817,48.1,0.5,0.5,0.5,0.35619047619047617,0.7047619047619048,Gamma,Warrant Officer,Technical Staff
G24028,57.4,0.5,0.5,0.5,0.820952380952381,0.7047619047619048,Gamma,Junior Warrant Officer,Technical Staff
G21397,48.1,0.5,0.5,0.5,0.35619047619047617,0.7047619047619048,Gamma,Senior Warrant Officer,Technical Staff
G22616,57.4,0.5,0.5,0.5,0.820952380952381,0.7047619047619048,Gamma,Warrant Officer,Technical Staff
G16679,48.1,0.5,0.5,0.5,0.35619047619047617,0.7047619047619048,Gamma,Senior Warrant Officer,Technical Service
G25490,48.1,0.5,0.5,0.5,0.35619047619047617,0.7047619047619048,Gamma,Junior Warrant Officer,Technical Service
G22788,57.4,0.5,0.5,0.5,0.820952380952381,0.7047619047619048,Gamma,Warrant Officer,Technical Service
G21226,46.1,0.5,0.5,0.5,0.35619047619047617,0.2895238095238095,Gamma,Warrant Officer,Technical Service
G22189,48.1,0.5,0.5,0.5,0.35619047619047617,0.7047619047619048,Gamma,Warrant Officer,Technical Service
G21086,44.9,0.5,0.5,0.5,0.35619047619047617,0.049523809523809526,Gamma,Warrant Officer,Technical Service
G07800,48.1,0.5,0.5,0.5,0.35619047619047617,0.7047619047619048,Gamma,Senior Warrant Officer,Technical Service
G21074,48.1,0.5,0.5,0.5,0.35619047619047617,0.7047619047619048,Gamma,Warrant Officer,Technical Service
G23622,48.1,0.5,0.5,0.5,0.35619047619047617,0.7047619047619048,Gamma,Warrant Officer,Technical Service
G08080,48.1,0.5,0.5,0.5,0.35619047619047617,0.7047619047619048,Gamma,Senior Warrant Officer,Technical Service
G18336,46.4,0.5,0.5,0.5,0.35619047619047617,0.3476190476190476,Gamma,Senior Warrant Officer,Technical Service
G19856,48.1,0.5,0.5,0.5,0.35619047619047617,0.7047619047619048,Gamma,Senior Warrant Officer,Technical Service
G06810,48.1,0.5,0.5,0.5,0.35619047619047617,0.7047619047619048,Gamma,Senior Warrant Officer,Repair Specialist
G09028,48.1,0.5,0.5,0.5,0.35619047619047617,0.7047619047619048,Gamma,Senior Warrant Officer,Repair Specialist
G25779,48.1,0.5,0.5,0.5,0.35619047619047617,0.7047619047619048,Gamma,Junior Warrant Officer,Repair Specialist
G16461,48.1,0.5,0.5,0.5,0.35619047619047617,0.7047619047619048,Gamma,Senior Warrant Officer,Repair Specialist
G25044,46.4,0.5,0.5,0.5,0.35619047619047617,0.3476190476190476,Gamma,Junior Warrant Officer,Repair Specialist
G24144,46.6,0.5,0.5,0.5,0.35619047619047617,0.3904761904761905,Gamma,Junior Warrant Officer,Repair Specialist
G22135,48.1,0.5,0.5,0.5,0.35619047619047617,0.7047619047619048,Gamma,Warrant Officer,Repair Specialist
G22448,48.1,0.5,0.5,0.5,0.35619047619047617,0.7047619047619048,Gamma,Warrant Officer,Repair Specialist
AO97468,45.9,0.7964912280701755,0.06315789473684208,0.6816239316239316,0.35619047619047617,0.049523809523809526,Sigma,Lieutenant Colonel,Department Commander
AO12000,49.0,0.4175438596491228,0.7298245614035088,0.5,0.35619047619047617,0.14476190476190476,Sigma,Major,Chief of Operations
AO13467,77.7,0.9578947368421052,0.7052631578947368,0.6474358974358975,0.820952380952381,0.7047619047619048,Sigma,Major,Pilot-Operator Lead
G06923,48.1,0.5,0.5,0.5,0.35619047619047617,0.7047619047619048,Sigma,Senior Warrant Officer,Technical Service Lead
AO12830,57.4,0.5,0.5,0.5,0.820952380952381,0.7047619047619048,Sigma,Major,Training & Standardization Lead
AO22617,27.0,0.028070175438596467,0.4052631578947369,0.3034188034188034,0.35619047619047617,0.2895238095238095,Sigma,Senior Lieutenant,Operations Officer
AO25183,39.4,0.18596491228070178,0.531578947368421,0.5448717948717948,0.35619047619047617,0.14476190476190476,Sigma,Lieutenant,Operations Officer
AO21436,59.9,0.24561403508771928,0.5684210526315789,0.8675213675213675,0.820952380952381,0.2895238095238095,Sigma,Senior Lieutenant,Operations Officer
AO23681,21.5,0.0,0.15087719298245617,0.36538461538461536,0.35619047619047617,0.2895238095238095,Sigma,Lieutenant,Operations Officer
AO25376,53.3,0.010526315789473717,0.23508771929824557,0.9850427350427351,0.9523809523809523,0.7047619047619048,Sigma,Lieutenant,Operations Officer
AO22093,37.2,0.2070175438596491,0.487719298245614,0.5,0.35619047619047617,0.049523809523809526,Sigma,Senior Lieutenant,Operations Officer
AO23780,58.5,0.01754385964912286,0.6859649122807018,0.9700854700854701,0.820952380952381,0.049523809523809526,Sigma,Lieutenant,Operations Officer
AO14671,47.4,0.36140350877192984,0.6947368421052631,0.49786324786324787,0.35619047619047617,0.2895238095238095,Sigma,Major,Operations Officer
AO11537,38.3,0.5684210526315789,0.11929824561403513,0.5,0.35619047619047617,0.2895238095238095,Sigma,Major,Operations Officer
AO12140,65.2,0.887719298245614,0.4964912280701754,0.7991452991452992,0.35619047619047617,0.7047619047619048,Sigma,Major,Operations Officer
AO20080,18.5,0.06315789473684208,0.010526315789473717,0.3034188034188034,0.35619047619047617,0.3904761904761905,Sigma,Senior Lieutenant,Operations Officer
AO19031,33.1,0.3157894736842105,0.13157894736842102,0.5833333333333334,0.35619047619047617,0.049523809523809526,Sigma,Captain,Operations Officer
AO18862,29.8,0.17543859649122806,0.08947368421052626,0.5,0.35619047619047617,0.7047619047619048,Sigma,Captain,Operations Officer
AO14110,50.9,0.4140350877192982,0.3035087719298246,0.5192307692307693,0.820952380952381,0.7047619047619048,Sigma,Major,Operations Officer
AO23445,45.7,0.5,0.5,0.5,0.35619047619047617,0.22380952380952382,Sigma,Lieutenant,Flight Control Officer
AO25358,46.1,0.5,0.5,0.5,0.35619047619047617,0.2895238095238095,Sigma,Lieutenant,Flight Control Officer
AO13818,46.4,0.5,0.5,0.5,0.35619047619047617,0.3476190476190476,Sigma,Major,Flight Control Officer
AO23508,45.3,0.5,0.5,0.5,0.35619047619047617,0.14476190476190476,Sigma,Lieutenant,Training & Standardization Officer
AO23410,44.9,0.5,0.5,0.5,0.35619047619047617,0.049523809523809526,Sigma,Lieutenant,Training & Standardization Officer
AO18024,46.1,0.5,0.5,0.5,0.35619047619047617,0.2895238095238095,Sigma,Captain,Training & Standardization Officer
AO16212,45.4,0.712280701754386,0.5543859649122806,0.12179487179487179,0.35619047619047617,0.7047619047619048,Sigma,Captain,Pilot-Operator
AO21707,73.7,0.9228070175438596,0.8807017543859649,0.717948717948718,0.35619047619047617,0.7047619047619048,Sigma,Senior Lieutenant,Pilot-Operator
AO21034,61.2,0.9859649122807017,0.39824561403508774,0.6367521367521367,0.35619047619047617,0.7047619047619048,Sigma,Senior Lieutenant,Pilot-Operator
AO22645,61.4,0.7543859649122807,0.7350877192982457,0.12179487179487179,0.981904761904762,0.2895238095238095,Sigma,Senior Lieutenant,Pilot-Operator
AO21263,41.7,0.2210526315789474,0.7666666666666666,0.36538461538461536,0.35619047619047617,0.14476190476190476,Sigma,Senior Lieutenant,Pilot-Operator
AO25112,29.1,0.007017543859649145,0.6087719298245614,0.12179487179487179,0.35619047619047617,0.7047619047619048,Sigma,Lieutenant,Pilot-Operator
AO21878,74.4,0.8385964912280701,0.8385964912280701,0.5,0.820952380952381,0.7047619047619048,Sigma,Senior Lieutenant,Pilot-Operator
AO20873,48.2,0.4280701754385965,0.712280701754386,0.12179487179487179,0.820952380952381,0.049523809523809526,Sigma,Senior Lieutenant,Pilot-Operator
AO24366,16.0,0.1578947368421053,0.03157894736842104,0.12179487179487179,0.35619047619047617,0.22380952380952382,Sigma,Lieutenant,Pilot-Operator
AO24140,24.6,0.038596491228070184,0.5105263157894737,0.12179487179487179,0.35619047619047617,0.14476190476190476,Sigma,Lieutenant,Pilot-Operator
AO17508,47.1,0.08070175438596494,0.6175438596491227,0.24786324786324787,0.9942857142857143,0.7047619047619048,Sigma,Captain,Pilot-Operator
AO20321,69.3,0.5263157894736843,0.9894736842105263,0.8290598290598291,0.35619047619047617,0.7047619047619048,Sigma,Senior Lieutenant,Pilot-Operator
AO18793,38.8,0.6912280701754385,0.22807017543859653,0.3034188034188034,0.35619047619047617,0.22380952380952382,Sigma,Captain,Pilot-Operator
AO25165,57.5,0.15087719298245617,0.9228070175438596,0.7991452991452992,0.35619047619047617,0.7047619047619048,Sigma,Lieutenant,Pilot-Operator
AO13943,62.3,0.8526315789473684,0.27543859649122804,0.5747863247863247,0.9523809523809523,0.14476190476190476,Sigma,Major,Pilot-Operator
AO25541,66.3,0.4842105263157894,0.7596491228070176,0.6816239316239316,0.820952380952381,0.3476190476190476,Sigma,Lieutenant,Pilot-Operator
AO17098,48.8,0.8456140350877193,0.3140350877192982,0.46153846153846156,0.35619047619047617,0.22380952380952382,Sigma,Captain,Pilot-Operator
AO22788,50.0,0.29824561403508776,0.43157894736842106,0.49786324786324787,0.9523809523809523,0.049523809523809526,Sigma,Senior Lieutenant,Pilot-Operator
AO24582,40.6,0.44561403508771935,0.1473684210526316,0.6047008547008547,0.35619047619047617,0.7047619047619048,Sigma,Lieutenant,Pilot-Operator
AO21338,40.2,0.5017543859649123,0.18771929824561406,0.12179487179487179,0.820952380952381,0.7047619047619048,Sigma,Senior Lieutenant,Pilot-Operator
G21228,40.5,0.22807017543859653,0.6017543859649123,0.36538461538461536,0.35619047619047617,0.7047619047619048,Sigma,Warrant Officer,UAV Operator
G23248,51.7,0.3543859649122807,0.5719298245614035,0.8290598290598291,0.35619047619047617,0.14476190476190476,Sigma,Warrant Officer,UAV Operator
G17472,73.3,0.6771929824561403,0.9754385964912281,0.8547008547008547,0.35619047619047617,0.7047619047619048,Sigma,Senior Warrant Officer,UAV Operator
G25334,37.6,0.21403508771929824,0.10526315789473684,0.7606837606837606,0.35619047619047617,0.7047619047619048,Sigma,Junior Warrant Officer,UAV Operator
G23853,43.9,0.5719298245614035,0.13157894736842102,0.6260683760683761,0.35619047619047617,0.7047619047619048,Sigma,Warrant Officer,UAV Operator
G24918,42.6,0.05964912280701751,0.7912280701754386,0.5,0.35619047619047617,0.3476190476190476,Sigma,Junior Warrant Officer,UAV Operator
G21956,77.8,0.687719298245614,0.9456140350877194,0.6816239316239316,0.820952380952381,0.7047619047619048,Sigma,Warrant Officer,UAV Operator
G24754,49.4,0.2701754385964912,0.8508771929824561,0.12179487179487179,0.820952380952381,0.3904761904761905,Sigma,Junior Warrant Officer,UAV Operator
G13596,43.2,0.6,0.38421052631578945,0.3162393162393162,0.35619047619047617,0.7047619047619048,Sigma,Senior Warrant Officer,UAV Operator
G22667,52.3,0.3052631578947368,0.9122807017543859,0.5448717948717948,0.35619047619047617,0.22380952380952382,Sigma,Warrant Officer,UAV Operator
G22398,18.3,0.19298245614035092,0.08947368421052626,0.12179487179487179,0.35619047619047617,0.22380952380952382,Sigma,Warrant Officer,UAV Operator
G23722,41.8,0.5052631578947369,0.4175438596491228,0.32264957264957267,0.35619047619047617,0.7047619047619048,Sigma,Warrant Officer,UAV Operator
G21555,47.6,0.6491228070175439,0.052631578947368474,0.5,0.820952380952381,0.22380952380952382,Sigma,Senior Warrant Officer,UAV Operator
G23967,63.1,0.631578947368421,0.9649122807017544,0.5,0.35619047619047617,0.7047619047619048,Sigma,Warrant Officer,UAV Operator
G21563,58.3,0.4245614035087719,0.8,0.6816239316239316,0.35619047619047617,0.7047619047619048,Sigma,Warrant Officer,UAV Operator
G13345,49.7,0.3894736842105263,0.8070175438596492,0.36538461538461536,0.35619047619047617,0.7047619047619048,Sigma,Senior Warrant Officer,UAV Operator
G24895,52.3,0.5649122807017544,0.3403508771929824,0.7606837606837606,0.35619047619047617,0.7047619047619048,Sigma,Junior Warrant Officer,UAV Operator
G21379,43.5,0.7859649122807018,0.09999999999999998,0.5,0.35619047619047617,0.3476190476190476,Sigma,Senior Warrant Officer,UAV Operator
G17341,27.8,0.2947368421052632,0.2701754385964912,0.12179487179487179,0.35619047619047617,0.7047619047619048,Sigma,Senior Warrant Officer,UAV Operator
G10878,58.0,0.8350877192982455,0.22807017543859653,0.8290598290598291,0.35619047619047617,0.7047619047619048,Sigma,Senior Warrant Officer,UAV Operator
G22691,48.1,0.5,0.5,0.5,0.35619047619047617,0.7047619047619048,Sigma,Warrant Officer,Technical Staff
G23878,46.6,0.5,0.5,0.5,0.35619047619047617,0.3904761904761905,Sigma,Warrant Officer,Technical Staff
G23264,48.1,0.5,0.5,0.5,0.35619047619047617,0.7047619047619048,Sigma,Warrant Officer,Technical Staff
G09033,48.1,0.5,0.5,0.5,0.35619047619047617,0.7047619047619048,Sigma,Senior Warrant Officer,Technical Staff
G22782,54.6,0.5,0.5,0.5,0.820952380952381,0.14476190476190476,Sigma,Warrant Officer,Technical Staff
G10254,48.1,0.5,0.5,0.5,0.35619047619047617,0.7047619047619048,Sigma,Senior Warrant Officer,Technical Staff
G22028,48.1,0.5,0.5,0.5,0.35619047619047617,0.7047619047619048,Sigma,Warrant Officer,Technical Staff
G21049,60.1,0.5,0.5,0.5,0.9523809523809523,0.7047619047619048,Sigma,Warrant Officer,Technical Staff
G23282,48.1,0.5,0.5,0.5,0.35619047619047617,0.7047619047619048,Sigma,Warrant Officer,Technical Staff
G25308,48.1,0.5,0.5,0.5,0.35619047619047617,0.7047619047619048,Sigma,Junior Warrant Officer,Technical Staff
G22471,54.6,0.5,0.5,0.5,0.820952380952381,0.14476190476190476,Sigma,Warrant Officer,Technical Staff
G23592,45.7,0.5,0.5,0.5,0.35619047619047617,0.22380952380952382,Sigma,Warrant Officer,Technical Staff
G25920,48.1,0.5,0.5,0.5,0.35619047619047617,0.7047619047619048,Sigma,Junior Warrant Officer,Technical Staff
G24364,48.1,0.5,0.5,0.5,0.35619047619047617,0.7047619047619048,Sigma,Junior Warrant Officer,Technical Staff
G22982,44.9,0.5,0.5,0.5,0.35619047619047617,0.049523809523809526,Sigma,Warrant Officer,Technical Staff
G23461,48.1,0.5,0.5,0.5,0.35619047619047617,0.7047619047619048,Sigma,Junior Warrant Officer,Technical Staff
G18512,48.1,0.5,0.5,0.5,0.35619047619047617,0.7047619047619048,Sigma,Senior Warrant Officer,Technical Staff
G23291,57.4,0.5,0.5,0.5,0.820952380952381,0.7047619047619048,Sigma,Warrant Officer,Technical Staff
G23231,55.0,0.5,0.5,0.5,0.820952380952381,0.22380952380952382,Sigma,Warrant Officer,Technical Staff
G22347,45.3,0.5,0.5,0.5,0.35619047619047617,0.14476190476190476,Sigma,Warrant Officer,Technical Staff
G23588,46.6,0.5,0.5,0.5,0.35619047619047617,0.3904761904761905,Sigma,Warrant Officer,Technical Service
G09565,45.3,0.5,0.5,0.5,0.35619047619047617,0.14476190476190476,Sigma,Senior Warrant Officer,Technical Service
G21906,48.1,0.5,0.5,0.5,0.35619047619047617,0.7047619047619048,Sigma,Warrant Officer,Technical Service
G22712,44.9,0.5,0.5,0.5,0.35619047619047617,0.049523809523809526,Sigma,Warrant Officer,Technical Service
G23902,48.1,0.5,0.5,0.5,0.35619047619047617,0.7047619047619048,Sigma,Warrant Officer,Technical Service
G18430,48.1,0.5,0.5,0.5,0.35619047619047617,0.7047619047619048,Sigma,Senior Warrant Officer,Technical Service
G23276,44.9,0.5,0.5,0.5,0.35619047619047617,0.049523809523809526,Sigma,Warrant Officer,Technical Service
G17879,48.1,0.5,0.5,0.5,0.35619047619047617,0.7047619047619048,Sigma,Senior Warrant Officer,Technical Service
G22590,57.4,0.5,0.5,0.5,0.820952380952381,0.7047619047619048,Sigma,Warrant Officer,Technical Service
G23898,48.1,0.5,0.5,0.5,0.35619047619047617,0.7047619047619048,Sigma,Warrant Officer,Technical Service
G23419,60.7,0.5,0.5,0.5,0.981904761904762,0.7047619047619048,Sigma,Warrant Officer,Technical Service
G25872,48.1,0.5,0.5,0.5,0.35619047619047617,0.7047619047619048,Sigma,Junior Warrant Officer,Technical Service
G18131,48.1,0.5,0.5,0.5,0.35619047619047617,0.7047619047619048,Sigma,Senior Warrant Officer,Repair Specialist
G24109,48.1,0.5,0.5,0.5,0.35619047619047617,0.7047619047619048,Sigma,Junior Warrant Officer,Repair Specialist
G25531,45.3,0.5,0.5,0.5,0.35619047619047617,0.14476190476190476,Sigma,Junior Warrant Officer,Repair Specialist
G18619,48.1,0.5,0.5,0.5,0.35619047619047617,0.7047619047619048,Sigma,Senior Warrant Officer,Repair Specialist
G17402,45.7,0.5,0.5,0.5,0.35619047619047617,0.22380952380952382,Sigma,Senior Warrant Officer,Repair Specialist
G25356,48.1,0.5,0.5,0.5,0.35619047619047617,0.7047619047619048,Sigma,Junior Warrant Officer,Repair Specialist
G23270,44.9,0.5,0.5,0.5,0.35619047619047617,0.049523809523809526,Sigma,Warrant Officer,Repair Specialist
G22986,48.1,0.5,0.5,0.5,0.35619047619047617,0.7047619047619048,Sigma,Warrant Officer,Repair Specialist
